-- --------------------------------------------------------
-- Host:                         127.0.0.1
-- Server versie:                5.7.11 - MySQL Community Server (GPL)
-- Server OS:                    Win32
-- HeidiSQL Versie:              9.3.0.4984
-- --------------------------------------------------------

/*!40101 SET @OLD_CHARACTER_SET_CLIENT=@@CHARACTER_SET_CLIENT */;
/*!40101 SET NAMES utf8mb4 */;
/*!40014 SET @OLD_FOREIGN_KEY_CHECKS=@@FOREIGN_KEY_CHECKS, FOREIGN_KEY_CHECKS=0 */;
/*!40101 SET @OLD_SQL_MODE=@@SQL_MODE, SQL_MODE='NO_AUTO_VALUE_ON_ZERO' */;

-- Databasestructuur van codebuddylocal wordt geschreven
CREATE DATABASE IF NOT EXISTS `ictlabdb` /*!40100 DEFAULT CHARACTER SET latin1 */;
USE `ictlabdb`;

-- Dumpen data van tabel codebuddylocal.achievement_has_user: 0 rows
/*!40000 ALTER TABLE `achievement_has_user` DISABLE KEYS */;
/*!40000 ALTER TABLE `achievement_has_user` ENABLE KEYS */;


-- Dumpen data van tabel codebuddylocal.authentication: 0 rows
/*!40000 ALTER TABLE `authentication` DISABLE KEYS */;
/*!40000 ALTER TABLE `authentication` ENABLE KEYS */;


-- Dumpen data van tabel codebuddylocal.commit: 32 rows
/*!40000 ALTER TABLE `commit` DISABLE KEYS */;
INSERT INTO `commit` (`commit_id`, `branch`, `created_at`, `deleted_at`, `sha`, `updated_at`, `project_id`) VALUES
	(2, 'origin/develop', '2016-06-22 17:52:31', NULL, 'SHA', NULL, 1),
	(3, 'origin/master', '2016-06-22 17:52:41', NULL, 'SHA', NULL, 1),
	(4, 'origin/master', '2016-06-22 17:52:50', NULL, 'SHA', NULL, 1),
	(5, 'origin/develop', '2016-06-22 17:52:56', NULL, 'SHA', NULL, 1),
	(6, 'origin/master', '2016-06-22 17:53:01', NULL, 'SHA', NULL, 1),
	(7, 'origin/develop', '2016-06-22 17:53:05', NULL, 'SHA', NULL, 1),
	(8, 'origin/android_app', '2016-06-22 17:56:13', NULL, 'SHA', NULL, 1),
	(9, 'origin/android_app', '2016-06-22 17:56:15', NULL, 'SHA', NULL, 1),
	(10, 'origin/master', '2016-06-22 17:56:20', NULL, 'SHA', NULL, 1),
	(11, 'origin/master', '2016-06-22 17:56:35', NULL, 'SHA', NULL, 1),
	(12, 'origin/develop', '2016-06-22 17:56:43', NULL, 'SHA', NULL, 1),
	(13, 'origin/heroku', '2016-06-22 17:56:56', NULL, 'SHA', NULL, 1),
	(14, 'origin/master', '2016-06-22 17:58:00', NULL, 'SHA', NULL, 2),
	(15, 'origin/master', '2016-06-22 17:58:14', NULL, 'SHA', NULL, 2),
	(16, 'origin/master', '2016-06-22 17:58:45', NULL, 'SHA', NULL, 3),
	(17, 'origin/master', '2016-06-22 17:58:49', NULL, 'SHA', NULL, 3),
	(18, 'origin/master', '2016-06-22 17:58:53', NULL, 'SHA', NULL, 4),
	(19, 'origin/master', '2016-06-22 17:59:06', NULL, 'SHA', NULL, 3),
	(20, 'origin/master', '2016-06-22 17:59:06', NULL, 'SHA', NULL, 3),
	(21, 'origin/master', '2016-06-22 17:59:07', NULL, 'SHA', NULL, 3),
	(22, 'origin/master', '2016-06-22 18:00:08', NULL, 'SHA', NULL, 1),
	(23, 'origin/master', '2016-06-22 18:00:09', NULL, 'SHA', NULL, 1),
	(24, 'origin/master', '2016-06-22 18:00:13', NULL, 'SHA', NULL, 1),
	(25, 'origin/master', '2016-06-22 18:00:15', NULL, 'SHA', NULL, 1),
	(26, 'origin/master', '2016-06-22 18:00:16', NULL, 'SHA', NULL, 1),
	(27, 'origin/master', '2016-06-22 18:00:16', NULL, 'SHA', NULL, 1),
	(28, 'origin/master', '2016-06-22 18:01:48', NULL, 'SHA', NULL, 2),
	(29, 'origin/master', '2016-06-22 18:01:55', NULL, 'SHA', NULL, 3),
	(30, 'origin/master', '2016-06-22 18:01:59', NULL, 'SHA', NULL, 4),
	(31, 'origin/master', '2016-06-22 18:02:03', NULL, 'SHA', NULL, 2),
	(32, 'origin/master', '2016-06-22 18:02:09', NULL, 'SHA', NULL, 4),
	(33, 'origin/master', '2016-06-22 18:02:18', NULL, 'SHA', NULL, 3);
/*!40000 ALTER TABLE `commit` ENABLE KEYS */;

-- Dumpen data van tabel codebuddylocal.company: 0 rows
/*!40000 ALTER TABLE `company` DISABLE KEYS */;
/*!40000 ALTER TABLE `company` ENABLE KEYS */;

-- Dumpen data van tabel codebuddylocal.item: 24 rows
/*!40000 ALTER TABLE `item` DISABLE KEYS */;
INSERT INTO `item` (`item_id`, `created_at`, `deleted_at`, `image`, `name`, `price`, `item_type`, `updated_at`) VALUES
	(1, NULL, NULL, 'http://i.imgur.com/qUzL9ae.png', 'default_head', 0, 'helmet', NULL),
	(2, NULL, NULL, 'http://i.imgur.com/ATXogcQ.png', 'default_shirt', 0, 'shirt', NULL),
	(3, NULL, NULL, 'http://i.imgur.com/LjRz6Fb.png', 'default_legs', 0, 'legs', NULL),
	(4, NULL, NULL, 'http://i.imgur.com/jDTvLFN.png', 'default_block', 0, 'block', NULL),
	(5, NULL, NULL, 'http://i.imgur.com/sHvw83a.png', 'Bat Shirt', 500, 'shirt', NULL),
	(6, NULL, NULL, 'http://i.imgur.com/VDwKyXn.png', 'Bat Legs', 100, 'legs', NULL),
	(7, NULL, NULL, 'http://i.imgur.com/MS43wB8.png', 'Orange Bricks', 1500, 'block', NULL),
	(8, NULL, NULL, 'http://i.imgur.com/8zX4XH6.png', 'Dark Bricks', 2000, 'block', NULL),
	(9, NULL, NULL, 'http://i.imgur.com/M1G3vH0.png', 'Iron pants', 100, 'legs', NULL),
	(10, NULL, NULL, 'http://i.imgur.com/OAld6Sn.png', 'Iron chest', 1000, 'shirt', NULL),
	(11, '2016-06-14 13:25:27', '2016-06-14 13:25:28', 'http://i.imgur.com/6cHM3XT.png', 'Iron helmet', 800, 'helmet', NULL),
	(12, NULL, NULL, 'http://i.imgur.com/BUjeKmA.png', 'Bat Helmet', 300, 'helmet', NULL),
	(13, NULL, NULL, 'http://i.imgur.com/53w8V4l.png', 'American Helmet', 1300, 'helmet', NULL),
	(14, NULL, NULL, 'http://i.imgur.com/Bo7yQND.png', 'American Chest', 1500, 'shirt', NULL),
	(15, NULL, NULL, 'http://i.imgur.com/cLxxZxz.png', 'American Legs', 1100, 'legs', NULL),
	(16, NULL, NULL, 'http://i.imgur.com/TGPePN1.png', 'Dead Mask', 1800, 'helmet', NULL),
	(17, NULL, NULL, 'http://i.imgur.com/LAATnY6.png', 'Dead Legs', 1600, 'legs', NULL),
	(18, NULL, NULL, 'http://i.imgur.com/bhuFI7o.png', 'Dead Chest', 2000, 'shirt', NULL),
	(19, NULL, NULL, 'http://i.imgur.com/D870LUq.png', 'Flash Helmet', 5000, 'helmet', NULL),
	(20, NULL, NULL, 'http://i.imgur.com/lM7R3sQ.png', 'Flash Chest', 4000, 'shirt', NULL),
	(21, NULL, NULL, 'http://i.imgur.com/zrrbjd1.png', 'Flash Legs', 3000, 'legs', NULL),
	(22, NULL, NULL, 'http://i.imgur.com/Hhj5ipb.png', 'Cyan Block', 2500, 'block', NULL),
	(23, NULL, NULL, 'http://i.imgur.com/UdaccUx.png', 'Steel Plate', 5000, 'block', NULL),
	(24, NULL, NULL, 'http://i.imgur.com/SJFBKgB.png', 'Wooden Bark', 3000, 'block', NULL);
/*!40000 ALTER TABLE `item` ENABLE KEYS */;

-- Dumpen data van tabel codebuddylocal.item_has_user: 24 rows
/*!40000 ALTER TABLE `item_has_user` DISABLE KEYS */;
INSERT INTO `item_has_user` (`id`, `equipped`, `item_id`, `user_id`) VALUES
	(5, b'1', 1, 2),
	(6, b'1', 2, 2),
	(7, b'1', 3, 2),
	(8, b'1', 4, 2),
	(9, b'1', 1, 3),
	(10, b'1', 2, 3),
	(11, b'1', 3, 3),
	(12, b'1', 4, 3),
	(13, b'1', 1, 4),
	(14, b'1', 2, 4),
	(15, b'1', 3, 4),
	(16, b'1', 4, 4),
	(17, b'1', 1, 5),
	(18, b'1', 2, 5),
	(19, b'1', 3, 5),
	(20, b'1', 4, 5),
	(21, b'1', 1, 6),
	(22, b'1', 2, 6),
	(23, b'1', 3, 6),
	(24, b'1', 4, 6),
	(1, b'1', 1, 1),
	(2, b'1', 2, 1),
	(3, b'1', 3, 1),
	(4, b'1', 4, 1);
/*!40000 ALTER TABLE `item_has_user` ENABLE KEYS */;

-- Dumpen data van tabel codebuddylocal.metric: 16 rows
/*!40000 ALTER TABLE `metric` DISABLE KEYS */;
INSERT INTO `metric` (`metric_id`, `created_at`, `deleted_at`, `name`, `updated_at`) VALUES
	(1, '2016-06-03 21:05:14', NULL, 'ncloc', NULL),
	(2, '2016-06-03 21:07:36', NULL, 'comment_lines', NULL),
	(3, '2016-06-03 21:07:36', NULL, 'comment_lines_density', NULL),
	(4, '2016-06-03 21:07:36', NULL, 'complexity', NULL),
	(5, '2016-06-03 21:07:36', NULL, 'tests', NULL),
	(6, '2016-06-03 21:07:36', NULL, 'test_errors', NULL),
	(7, '2016-06-03 21:07:36', NULL, 'test_failures', NULL),
	(8, '2016-06-03 21:07:36', NULL, 'coverage', NULL),
	(9, '2016-06-03 21:07:36', NULL, 'duplicated_lines', NULL),
	(10, '2016-06-03 21:07:36', NULL, 'duplicated_lines_density', NULL),
	(11, '2016-06-03 21:07:36', NULL, 'violations', NULL),
	(12, '2016-06-03 21:07:36', NULL, 'blocker_violations', NULL),
	(13, '2016-06-03 21:07:36', NULL, 'critical_violations', NULL),
	(14, '2016-06-03 21:07:36', NULL, 'major_violations', NULL),
	(15, '2016-06-03 21:07:36', NULL, 'minor_violations', NULL),
	(16, '2016-06-03 21:07:36', NULL, 'sqale_index', NULL);
/*!40000 ALTER TABLE `metric` ENABLE KEYS */;

-- Dumpen data van tabel codebuddylocal.project: 4 rows
/*!40000 ALTER TABLE `project` DISABLE KEYS */;
INSERT INTO `project` (`project_id`, `created_at`, `deleted_at`, `name`, `updated_at`, `company_id`) VALUES
	(1, '2016-06-22 17:29:42', NULL, 'rule-engine', NULL, NULL),
	(2, '2016-06-22 17:29:54', NULL, 'test-project1', NULL, NULL),
	(3, '2016-06-22 17:30:03', NULL, 'test-project2', NULL, NULL),
	(4, '2016-06-22 17:30:11', NULL, 'test-project3', NULL, NULL);
/*!40000 ALTER TABLE `project` ENABLE KEYS */;

-- Dumpen data van tabel codebuddylocal.score: 512 rows
/*!40000 ALTER TABLE `score` DISABLE KEYS */;
INSERT INTO `score` (`score_id`, `score`, `sonar_value`, `commit_id`, `metric_id`, `user_id`) VALUES
	(32, 599, 3703, 2, 16, 1),
	(31, 91, 393, 2, 15, 1),
	(30, 109, 67, 2, 14, 1),
	(29, 327, 6, 2, 13, 1),
	(28, 396, 0, 2, 12, 1),
	(27, 979, 467, 2, 11, 1),
	(26, 467, 3.9, 2, 10, 1),
	(25, 772, 288, 2, 9, 1),
	(24, 413, 19.8, 2, 8, 1),
	(23, 128, 2, 2, 7, 1),
	(22, 390, 13, 2, 6, 1),
	(21, 896, 42, 2, 5, 1),
	(20, 587, 511, 2, 4, 1),
	(19, 39, 14.6, 2, 3, 1),
	(18, 853, 759, 2, 2, 1),
	(17, 202, 4427, 2, 1, 1),
	(33, 804, 4427, 3, 1, 1),
	(34, 303, 759, 3, 2, 1),
	(35, 821, 14.6, 3, 3, 1),
	(36, 144, 511, 3, 4, 1),
	(37, 861, 42, 3, 5, 1),
	(38, 631, 13, 3, 6, 1),
	(39, 605, 2, 3, 7, 1),
	(40, 497, 19.8, 3, 8, 1),
	(41, 22, 288, 3, 9, 1),
	(42, 301, 3.9, 3, 10, 1),
	(43, 148, 467, 3, 11, 1),
	(44, 772, 0, 3, 12, 1),
	(45, 653, 6, 3, 13, 1),
	(46, 744, 67, 3, 14, 1),
	(47, 897, 393, 3, 15, 1),
	(48, 438, 3703, 3, 16, 1),
	(49, 825, 4427, 4, 1, 1),
	(50, 374, 759, 4, 2, 1),
	(51, 297, 14.6, 4, 3, 1),
	(52, 407, 511, 4, 4, 1),
	(53, 191, 42, 4, 5, 1),
	(54, 438, 13, 4, 6, 1),
	(55, 923, 2, 4, 7, 1),
	(56, 349, 19.8, 4, 8, 1),
	(57, 607, 288, 4, 9, 1),
	(58, 277, 3.9, 4, 10, 1),
	(59, 623, 467, 4, 11, 1),
	(60, 407, 0, 4, 12, 1),
	(61, 215, 6, 4, 13, 1),
	(62, 268, 67, 4, 14, 1),
	(63, 857, 393, 4, 15, 1),
	(64, 258, 3703, 4, 16, 1),
	(65, 694, 4427, 5, 1, 1),
	(66, 631, 759, 5, 2, 1),
	(67, 122, 14.6, 5, 3, 1),
	(68, 357, 511, 5, 4, 1),
	(69, 874, 42, 5, 5, 1),
	(70, 47, 13, 5, 6, 1),
	(71, 590, 2, 5, 7, 1),
	(72, 912, 19.8, 5, 8, 1),
	(73, 881, 288, 5, 9, 1),
	(74, 896, 3.9, 5, 10, 1),
	(75, 414, 467, 5, 11, 1),
	(76, 944, 0, 5, 12, 1),
	(77, 194, 6, 5, 13, 1),
	(78, 186, 67, 5, 14, 1),
	(79, 998, 393, 5, 15, 1),
	(80, 884, 3703, 5, 16, 1),
	(81, 300, 4427, 6, 1, 1),
	(82, 883, 759, 6, 2, 1),
	(83, 383, 14.6, 6, 3, 1),
	(84, 458, 511, 6, 4, 1),
	(85, 269, 42, 6, 5, 1),
	(86, 786, 13, 6, 6, 1),
	(87, 182, 2, 6, 7, 1),
	(88, 713, 19.8, 6, 8, 1),
	(89, 131, 288, 6, 9, 1),
	(90, 589, 3.9, 6, 10, 1),
	(91, 889, 467, 6, 11, 1),
	(92, 728, 0, 6, 12, 1),
	(93, 774, 6, 6, 13, 1),
	(94, 659, 67, 6, 14, 1),
	(95, 688, 393, 6, 15, 1),
	(96, 604, 3703, 6, 16, 1),
	(97, 875, 4427, 7, 1, 1),
	(98, 634, 759, 7, 2, 1),
	(99, 897, 14.6, 7, 3, 1),
	(100, 581, 511, 7, 4, 1),
	(101, 89, 42, 7, 5, 1),
	(102, 576, 13, 7, 6, 1),
	(103, 954, 2, 7, 7, 1),
	(104, 401, 19.8, 7, 8, 1),
	(105, 638, 288, 7, 9, 1),
	(106, 765, 3.9, 7, 10, 1),
	(107, 154, 467, 7, 11, 1),
	(108, 598, 0, 7, 12, 1),
	(109, 162, 6, 7, 13, 1),
	(110, 974, 67, 7, 14, 1),
	(111, 487, 393, 7, 15, 1),
	(112, 115, 3703, 7, 16, 1),
	(113, 282, 4427, 8, 1, 2),
	(114, 987, 759, 8, 2, 2),
	(115, 456, 14.6, 8, 3, 2),
	(116, 583, 511, 8, 4, 2),
	(117, 29, 42, 8, 5, 2),
	(118, 473, 13, 8, 6, 2),
	(119, 915, 2, 8, 7, 2),
	(120, 607, 19.8, 8, 8, 2),
	(121, 58, 288, 8, 9, 2),
	(122, 456, 3.9, 8, 10, 2),
	(123, 815, 467, 8, 11, 2),
	(124, 915, 0, 8, 12, 2),
	(125, 911, 6, 8, 13, 2),
	(126, 613, 67, 8, 14, 2),
	(127, 370, 393, 8, 15, 2),
	(128, 129, 3703, 8, 16, 2),
	(129, 738, 4427, 9, 1, 2),
	(130, 575, 759, 9, 2, 2),
	(131, 635, 14.6, 9, 3, 2),
	(132, 551, 511, 9, 4, 2),
	(133, 130, 42, 9, 5, 2),
	(134, 589, 13, 9, 6, 2),
	(135, 440, 2, 9, 7, 2),
	(136, 948, 19.8, 9, 8, 2),
	(137, 14, 288, 9, 9, 2),
	(138, 173, 3.9, 9, 10, 2),
	(139, 776, 467, 9, 11, 2),
	(140, 31, 0, 9, 12, 2),
	(141, 500, 6, 9, 13, 2),
	(142, 261, 67, 9, 14, 2),
	(143, 458, 393, 9, 15, 2),
	(144, 485, 3703, 9, 16, 2),
	(145, 387, 4427, 10, 1, 2),
	(146, 805, 759, 10, 2, 2),
	(147, 107, 14.6, 10, 3, 2),
	(148, 726, 511, 10, 4, 2),
	(149, 936, 42, 10, 5, 2),
	(150, 275, 13, 10, 6, 2),
	(151, 466, 2, 10, 7, 2),
	(152, 416, 19.8, 10, 8, 2),
	(153, 547, 288, 10, 9, 2),
	(154, 380, 3.9, 10, 10, 2),
	(155, 591, 467, 10, 11, 2),
	(156, 433, 0, 10, 12, 2),
	(157, 834, 6, 10, 13, 2),
	(158, 225, 67, 10, 14, 2),
	(159, 6, 393, 10, 15, 2),
	(160, 696, 3703, 10, 16, 2),
	(161, 676, 4427, 11, 1, 3),
	(162, 558, 759, 11, 2, 3),
	(163, 327, 14.6, 11, 3, 3),
	(164, 164, 511, 11, 4, 3),
	(165, 975, 42, 11, 5, 3),
	(166, 164, 13, 11, 6, 3),
	(167, 577, 2, 11, 7, 3),
	(168, 850, 19.8, 11, 8, 3),
	(169, 289, 288, 11, 9, 3),
	(170, 879, 3.9, 11, 10, 3),
	(171, 17, 467, 11, 11, 3),
	(172, 802, 0, 11, 12, 3),
	(173, 593, 6, 11, 13, 3),
	(174, 39, 67, 11, 14, 3),
	(175, 551, 393, 11, 15, 3),
	(176, 234, 3703, 11, 16, 3),
	(177, 814, 4427, 12, 1, 3),
	(178, 554, 759, 12, 2, 3),
	(179, 729, 14.6, 12, 3, 3),
	(180, 72, 511, 12, 4, 3),
	(181, 38, 42, 12, 5, 3),
	(182, 823, 13, 12, 6, 3),
	(183, 724, 2, 12, 7, 3),
	(184, 507, 19.8, 12, 8, 3),
	(185, 791, 288, 12, 9, 3),
	(186, 100, 3.9, 12, 10, 3),
	(187, 849, 467, 12, 11, 3),
	(188, 330, 0, 12, 12, 3),
	(189, 664, 6, 12, 13, 3),
	(190, 224, 67, 12, 14, 3),
	(191, 837, 393, 12, 15, 3),
	(192, 138, 3703, 12, 16, 3),
	(193, 376, 4427, 13, 1, 3),
	(194, 928, 759, 13, 2, 3),
	(195, 174, 14.6, 13, 3, 3),
	(196, 411, 511, 13, 4, 3),
	(197, 597, 42, 13, 5, 3),
	(198, 381, 13, 13, 6, 3),
	(199, 436, 2, 13, 7, 3),
	(200, 3, 19.8, 13, 8, 3),
	(201, 414, 288, 13, 9, 3),
	(202, 371, 3.9, 13, 10, 3),
	(203, 349, 467, 13, 11, 3),
	(204, 136, 0, 13, 12, 3),
	(205, 616, 6, 13, 13, 3),
	(206, 315, 67, 13, 14, 3),
	(207, 191, 393, 13, 15, 3),
	(208, 185, 3703, 13, 16, 3),
	(209, 939, 4427, 14, 1, 1),
	(210, 425, 759, 14, 2, 1),
	(211, 681, 14.6, 14, 3, 1),
	(212, 756, 511, 14, 4, 1),
	(213, 557, 42, 14, 5, 1),
	(214, 245, 13, 14, 6, 1),
	(215, 121, 2, 14, 7, 1),
	(216, 409, 19.8, 14, 8, 1),
	(217, 885, 288, 14, 9, 1),
	(218, 278, 3.9, 14, 10, 1),
	(219, 606, 467, 14, 11, 1),
	(220, 877, 0, 14, 12, 1),
	(221, 249, 6, 14, 13, 1),
	(222, 497, 67, 14, 14, 1),
	(223, 758, 393, 14, 15, 1),
	(224, 22, 3703, 14, 16, 1),
	(225, 399, 4427, 15, 1, 1),
	(226, 797, 759, 15, 2, 1),
	(227, 696, 14.6, 15, 3, 1),
	(228, 965, 511, 15, 4, 1),
	(229, 142, 42, 15, 5, 1),
	(230, 257, 13, 15, 6, 1),
	(231, 338, 2, 15, 7, 1),
	(232, 22, 19.8, 15, 8, 1),
	(233, 365, 288, 15, 9, 1),
	(234, 803, 3.9, 15, 10, 1),
	(235, 91, 467, 15, 11, 1),
	(236, 336, 0, 15, 12, 1),
	(237, 650, 6, 15, 13, 1),
	(238, 105, 67, 15, 14, 1),
	(239, 161, 393, 15, 15, 1),
	(240, 515, 3703, 15, 16, 1),
	(241, 835, 4427, 16, 1, 2),
	(242, 467, 759, 16, 2, 2),
	(243, 644, 14.6, 16, 3, 2),
	(244, 267, 511, 16, 4, 2),
	(245, 120, 42, 16, 5, 2),
	(246, 639, 13, 16, 6, 2),
	(247, 40, 2, 16, 7, 2),
	(248, 337, 19.8, 16, 8, 2),
	(249, 478, 288, 16, 9, 2),
	(250, 274, 3.9, 16, 10, 2),
	(251, 133, 467, 16, 11, 2),
	(252, 450, 0, 16, 12, 2),
	(253, 516, 6, 16, 13, 2),
	(254, 380, 67, 16, 14, 2),
	(255, 266, 393, 16, 15, 2),
	(256, 349, 3703, 16, 16, 2),
	(257, 768, 4427, 17, 1, 2),
	(258, 868, 759, 17, 2, 2),
	(259, 84, 14.6, 17, 3, 2),
	(260, 113, 511, 17, 4, 2),
	(261, 922, 42, 17, 5, 2),
	(262, 271, 13, 17, 6, 2),
	(263, 610, 2, 17, 7, 2),
	(264, 587, 19.8, 17, 8, 2),
	(265, 903, 288, 17, 9, 2),
	(266, 220, 3.9, 17, 10, 2),
	(267, 764, 467, 17, 11, 2),
	(268, 131, 0, 17, 12, 2),
	(269, 382, 6, 17, 13, 2),
	(270, 258, 67, 17, 14, 2),
	(271, 254, 393, 17, 15, 2),
	(272, 503, 3703, 17, 16, 2),
	(273, 974, 4427, 18, 1, 2),
	(274, 167, 759, 18, 2, 2),
	(275, 729, 14.6, 18, 3, 2),
	(276, 973, 511, 18, 4, 2),
	(277, 45, 42, 18, 5, 2),
	(278, 762, 13, 18, 6, 2),
	(279, 281, 2, 18, 7, 2),
	(280, 892, 19.8, 18, 8, 2),
	(281, 233, 288, 18, 9, 2),
	(282, 841, 3.9, 18, 10, 2),
	(283, 255, 467, 18, 11, 2),
	(284, 762, 0, 18, 12, 2),
	(285, 529, 6, 18, 13, 2),
	(286, 187, 67, 18, 14, 2),
	(287, 920, 393, 18, 15, 2),
	(288, 727, 3703, 18, 16, 2),
	(289, 788, 4427, 19, 1, 3),
	(290, 133, 759, 19, 2, 3),
	(291, 18, 14.6, 19, 3, 3),
	(292, 231, 511, 19, 4, 3),
	(293, 232, 42, 19, 5, 3),
	(294, 952, 13, 19, 6, 3),
	(295, 997, 2, 19, 7, 3),
	(296, 971, 19.8, 19, 8, 3),
	(297, 35, 288, 19, 9, 3),
	(298, 744, 3.9, 19, 10, 3),
	(299, 847, 467, 19, 11, 3),
	(300, 200, 0, 19, 12, 3),
	(301, 277, 6, 19, 13, 3),
	(302, 94, 67, 19, 14, 3),
	(303, 326, 393, 19, 15, 3),
	(304, 245, 3703, 19, 16, 3),
	(305, 283, 4427, 20, 1, 3),
	(306, 390, 759, 20, 2, 3),
	(307, 128, 14.6, 20, 3, 3),
	(308, 649, 511, 20, 4, 3),
	(309, 812, 42, 20, 5, 3),
	(310, 512, 13, 20, 6, 3),
	(311, 709, 2, 20, 7, 3),
	(312, 177, 19.8, 20, 8, 3),
	(313, 239, 288, 20, 9, 3),
	(314, 242, 3.9, 20, 10, 3),
	(315, 459, 467, 20, 11, 3),
	(316, 445, 0, 20, 12, 3),
	(317, 361, 6, 20, 13, 3),
	(318, 435, 67, 20, 14, 3),
	(319, 456, 393, 20, 15, 3),
	(320, 955, 3703, 20, 16, 3),
	(321, 98, 4427, 21, 1, 3),
	(322, 49, 759, 21, 2, 3),
	(323, 667, 14.6, 21, 3, 3),
	(324, 129, 511, 21, 4, 3),
	(325, 353, 42, 21, 5, 3),
	(326, 163, 13, 21, 6, 3),
	(327, 66, 2, 21, 7, 3),
	(328, 622, 19.8, 21, 8, 3),
	(329, 666, 288, 21, 9, 3),
	(330, 911, 3.9, 21, 10, 3),
	(331, 540, 467, 21, 11, 3),
	(332, 112, 0, 21, 12, 3),
	(333, 166, 6, 21, 13, 3),
	(334, 636, 67, 21, 14, 3),
	(335, 760, 393, 21, 15, 3),
	(336, 702, 3703, 21, 16, 3),
	(337, 203, 4427, 22, 1, 4),
	(338, 903, 759, 22, 2, 4),
	(339, 691, 14.6, 22, 3, 4),
	(340, 415, 511, 22, 4, 4),
	(341, 118, 42, 22, 5, 4),
	(342, 857, 13, 22, 6, 4),
	(343, 124, 2, 22, 7, 4),
	(344, 441, 19.8, 22, 8, 4),
	(345, 655, 288, 22, 9, 4),
	(346, 654, 3.9, 22, 10, 4),
	(347, 306, 467, 22, 11, 4),
	(348, 282, 0, 22, 12, 4),
	(349, 628, 6, 22, 13, 4),
	(350, 199, 67, 22, 14, 4),
	(351, 84, 393, 22, 15, 4),
	(352, 961, 3703, 22, 16, 4),
	(353, 83, 4427, 23, 1, 4),
	(354, 768, 759, 23, 2, 4),
	(355, 447, 14.6, 23, 3, 4),
	(356, 924, 511, 23, 4, 4),
	(357, 956, 42, 23, 5, 4),
	(358, 225, 13, 23, 6, 4),
	(359, 266, 2, 23, 7, 4),
	(360, 395, 19.8, 23, 8, 4),
	(361, 60, 288, 23, 9, 4),
	(362, 496, 3.9, 23, 10, 4),
	(363, 468, 467, 23, 11, 4),
	(364, 850, 0, 23, 12, 4),
	(365, 474, 6, 23, 13, 4),
	(366, 788, 67, 23, 14, 4),
	(367, 524, 393, 23, 15, 4),
	(368, 226, 3703, 23, 16, 4),
	(369, 149, 4427, 24, 1, 5),
	(370, 963, 759, 24, 2, 5),
	(371, 807, 14.6, 24, 3, 5),
	(372, 672, 511, 24, 4, 5),
	(373, 578, 42, 24, 5, 5),
	(374, 124, 13, 24, 6, 5),
	(375, 149, 2, 24, 7, 5),
	(376, 955, 19.8, 24, 8, 5),
	(377, 938, 288, 24, 9, 5),
	(378, 877, 3.9, 24, 10, 5),
	(379, 539, 467, 24, 11, 5),
	(380, 441, 0, 24, 12, 5),
	(381, 713, 6, 24, 13, 5),
	(382, 812, 67, 24, 14, 5),
	(383, 1, 393, 24, 15, 5),
	(384, 978, 3703, 24, 16, 5),
	(385, 631, 4427, 25, 1, 6),
	(386, 721, 759, 25, 2, 6),
	(387, 133, 14.6, 25, 3, 6),
	(388, 578, 511, 25, 4, 6),
	(389, 569, 42, 25, 5, 6),
	(390, 961, 13, 25, 6, 6),
	(391, 684, 2, 25, 7, 6),
	(392, 786, 19.8, 25, 8, 6),
	(393, 192, 288, 25, 9, 6),
	(394, 156, 3.9, 25, 10, 6),
	(395, 439, 467, 25, 11, 6),
	(396, 399, 0, 25, 12, 6),
	(397, 808, 6, 25, 13, 6),
	(398, 975, 67, 25, 14, 6),
	(399, 227, 393, 25, 15, 6),
	(400, 792, 3703, 25, 16, 6),
	(401, 217, 4427, 26, 1, 6),
	(402, 897, 759, 26, 2, 6),
	(403, 935, 14.6, 26, 3, 6),
	(404, 924, 511, 26, 4, 6),
	(405, 897, 42, 26, 5, 6),
	(406, 473, 13, 26, 6, 6),
	(407, 161, 2, 26, 7, 6),
	(408, 600, 19.8, 26, 8, 6),
	(409, 431, 288, 26, 9, 6),
	(410, 438, 3.9, 26, 10, 6),
	(411, 735, 467, 26, 11, 6),
	(412, 763, 0, 26, 12, 6),
	(413, 472, 6, 26, 13, 6),
	(414, 684, 67, 26, 14, 6),
	(415, 105, 393, 26, 15, 6),
	(416, 829, 3703, 26, 16, 6),
	(417, 132, 4427, 27, 1, 6),
	(418, 556, 759, 27, 2, 6),
	(419, 565, 14.6, 27, 3, 6),
	(420, 827, 511, 27, 4, 6),
	(421, 634, 42, 27, 5, 6),
	(422, 172, 13, 27, 6, 6),
	(423, 457, 2, 27, 7, 6),
	(424, 868, 19.8, 27, 8, 6),
	(425, 270, 288, 27, 9, 6),
	(426, 602, 3.9, 27, 10, 6),
	(427, 556, 467, 27, 11, 6),
	(428, 734, 0, 27, 12, 6),
	(429, 833, 6, 27, 13, 6),
	(430, 724, 67, 27, 14, 6),
	(431, 876, 393, 27, 15, 6),
	(432, 529, 3703, 27, 16, 6),
	(433, 592, 4427, 28, 1, 4),
	(434, 394, 759, 28, 2, 4),
	(435, 648, 14.6, 28, 3, 4),
	(436, 825, 511, 28, 4, 4),
	(437, 811, 42, 28, 5, 4),
	(438, 593, 13, 28, 6, 4),
	(439, 583, 2, 28, 7, 4),
	(440, 447, 19.8, 28, 8, 4),
	(441, 534, 288, 28, 9, 4),
	(442, 305, 3.9, 28, 10, 4),
	(443, 118, 467, 28, 11, 4),
	(444, 936, 0, 28, 12, 4),
	(445, 642, 6, 28, 13, 4),
	(446, 303, 67, 28, 14, 4),
	(447, 340, 393, 28, 15, 4),
	(448, 515, 3703, 28, 16, 4),
	(449, 5, 4427, 29, 1, 4),
	(450, 666, 759, 29, 2, 4),
	(451, 704, 14.6, 29, 3, 4),
	(452, 470, 511, 29, 4, 4),
	(453, 204, 42, 29, 5, 4),
	(454, 273, 13, 29, 6, 4),
	(455, 121, 2, 29, 7, 4),
	(456, 169, 19.8, 29, 8, 4),
	(457, 679, 288, 29, 9, 4),
	(458, 187, 3.9, 29, 10, 4),
	(459, 516, 467, 29, 11, 4),
	(460, 592, 0, 29, 12, 4),
	(461, 268, 6, 29, 13, 4),
	(462, 492, 67, 29, 14, 4),
	(463, 584, 393, 29, 15, 4),
	(464, 764, 3703, 29, 16, 4),
	(465, 954, 4427, 30, 1, 4),
	(466, 973, 759, 30, 2, 4),
	(467, 349, 14.6, 30, 3, 4),
	(468, 898, 511, 30, 4, 4),
	(469, 310, 42, 30, 5, 4),
	(470, 172, 13, 30, 6, 4),
	(471, 943, 2, 30, 7, 4),
	(472, 641, 19.8, 30, 8, 4),
	(473, 761, 288, 30, 9, 4),
	(474, 287, 3.9, 30, 10, 4),
	(475, 967, 467, 30, 11, 4),
	(476, 727, 0, 30, 12, 4),
	(477, 839, 6, 30, 13, 4),
	(478, 692, 67, 30, 14, 4),
	(479, 865, 393, 30, 15, 4),
	(480, 739, 3703, 30, 16, 4),
	(481, 631, 4427, 31, 1, 5),
	(482, 419, 759, 31, 2, 5),
	(483, 742, 14.6, 31, 3, 5),
	(484, 844, 511, 31, 4, 5),
	(485, 713, 42, 31, 5, 5),
	(486, 473, 13, 31, 6, 5),
	(487, 778, 2, 31, 7, 5),
	(488, 608, 19.8, 31, 8, 5),
	(489, 443, 288, 31, 9, 5),
	(490, 190, 3.9, 31, 10, 5),
	(491, 478, 467, 31, 11, 5),
	(492, 461, 0, 31, 12, 5),
	(493, 650, 6, 31, 13, 5),
	(494, 303, 67, 31, 14, 5),
	(495, 679, 393, 31, 15, 5),
	(496, 89, 3703, 31, 16, 5),
	(497, 886, 4427, 32, 1, 5),
	(498, 275, 759, 32, 2, 5),
	(499, 371, 14.6, 32, 3, 5),
	(500, 981, 511, 32, 4, 5),
	(501, 885, 42, 32, 5, 5),
	(502, 833, 13, 32, 6, 5),
	(503, 746, 2, 32, 7, 5),
	(504, 629, 19.8, 32, 8, 5),
	(505, 85, 288, 32, 9, 5),
	(506, 207, 3.9, 32, 10, 5),
	(507, 618, 467, 32, 11, 5),
	(508, 329, 0, 32, 12, 5),
	(509, 430, 6, 32, 13, 5),
	(510, 772, 67, 32, 14, 5),
	(511, 705, 393, 32, 15, 5),
	(512, 846, 3703, 32, 16, 5),
	(513, 885, 4427, 33, 1, 6),
	(514, 150, 759, 33, 2, 6),
	(515, 510, 14.6, 33, 3, 6),
	(516, 812, 511, 33, 4, 6),
	(517, 25, 42, 33, 5, 6),
	(518, 60, 13, 33, 6, 6),
	(519, 103, 2, 33, 7, 6),
	(520, 321, 19.8, 33, 8, 6),
	(521, 633, 288, 33, 9, 6),
	(522, 347, 3.9, 33, 10, 6),
	(523, 10, 467, 33, 11, 6),
	(524, 811, 0, 33, 12, 6),
	(525, 34, 6, 33, 13, 6),
	(526, 332, 67, 33, 14, 6),
	(527, 760, 393, 33, 15, 6),
	(528, 58, 3703, 33, 16, 6);
/*!40000 ALTER TABLE `score` ENABLE KEYS */;

-- Dumpen data van tabel codebuddylocal.user: 6 rows
/*!40000 ALTER TABLE `user` DISABLE KEYS */;
INSERT INTO `user` (`user_id`, `created_at`, `deleted_at`, `email`, `jenkycoins`, `messagetoken`, `password`, `updated_at`) VALUES
	(1, '2016-06-22 17:27:43', NULL, 'joost1235@hotmail.com', 0, NULL, 'joost', '2016-06-22 17:58:14'),
	(2, '2016-06-22 17:27:45', NULL, 'jtlie@live.nl', 0, NULL, 'jtlie', '2016-06-22 17:58:53'),
	(3, '2016-06-22 17:27:46', NULL, 'f.fremouw@gmail.com', 0, NULL, 'fabian', '2016-06-22 17:59:07'),
	(4, '2016-06-22 17:27:47', NULL, 'testuser1@hotmail.com', 0, NULL, 'testuser1', '2016-06-22 18:01:59'),
	(5, '2016-06-22 17:27:49', NULL, 'testuser2@hotmail.com', 0, NULL, 'testuser2', '2016-06-22 18:02:09'),
	(6, '2016-06-22 17:27:50', NULL, 'testuser3@hotmail.com', 0, NULL, 'testuser3', '2016-06-22 18:02:18');
/*!40000 ALTER TABLE `user` ENABLE KEYS */;

-- Dumpen data van tabel codebuddylocal.verification: 0 rows
/*!40000 ALTER TABLE `verification` DISABLE KEYS */;
/*!40000 ALTER TABLE `verification` ENABLE KEYS */;
/*!40101 SET SQL_MODE=IFNULL(@OLD_SQL_MODE, '') */;
/*!40014 SET FOREIGN_KEY_CHECKS=IF(@OLD_FOREIGN_KEY_CHECKS IS NULL, 1, @OLD_FOREIGN_KEY_CHECKS) */;
/*!40101 SET CHARACTER_SET_CLIENT=@OLD_CHARACTER_SET_CLIENT */;
